{
    "AUC": 0.9603479744922644,
    "center_error": 9.910661631253152,
    "loss": 0.07811034641539057,
    "epoch": 13.0
}