{
    "AUC": 0.9532166684472841,
    "center_error": 10.349673579295562,
    "loss": 0.10101282177492976,
    "epoch": 14.0
}